style,count,trend_score
18–24,132,1.0
under 18,11,0.08333333333333333
25–34,5,0.03787878787878788
45+,1,0.007575757575757576
35–44,1,0.007575757575757576
